COUPON,NEW,HI,S_INCOME,E_INCOME,S_POP,E_POP,DISTANCE,PAX,FARE,vacationstatus_Yes,SW_Yes,slot_Free,Gate_Free
1.0,3,5291.99,28637,21112,3036732,205711,312,7864,64.11,0,1,1,1
1.06,3,5419.16,26993,29838,3532657,7145897,576,8820,174.47,0,0,1,1
1.06,3,9185.28,30124,29838,5787293,7145897,364,6452,207.76,0,0,1,1
1.06,3,2657.35,29260,29838,7830332,7145897,612,25144,85.47,0,1,0,1
1.06,3,2657.35,29260,29838,7830332,7145897,612,25144,85.47,0,1,1,1
1.01,3,3408.11,26046,29838,2230955,7145897,309,13386,56.76,0,1,1,1
1.28,3,6754.48,28637,29838,3036732,7145897,1220,4625,228.0,0,0,1,1
1.15,3,5584.0,26752,29838,1440377,7145897,921,5512,116.54,1,1,1,1
1.33,3,4662.44,27211,29838,3770125,7145897,1249,7811,172.63,0,1,1,1
1.6,2,2617.0,25450,29838,1694803,7145897,964,4657,114.76,0,1,1,1
1.57,3,1772.59,24575,29838,1197234,7145897,2104,4489,158.2,1,1,1,1
1.5,1,3932.29,24706,29838,9056076,7145897,2329,7349,228.99,0,1,1,1
1.12,3,4471.62,25995,29838,1115048,7145897,587,5654,79.17,0,1,1,1
1.29,3,4356.12,22038,29838,1308499,7145897,992,3525,132.05,0,1,1,1
1.0,3,2626.9,32991,29838,8621121,7145897,181,7171,117.23,0,0,0,1
1.0,3,2626.9,32991,29838,8621121,7145897,181,7171,117.23,0,0,0,1
1.0,3,2626.9,32991,29838,8621121,7145897,181,7171,117.23,0,0,1,0
1.13,3,5706.76,22360,29838,1421287,7145897,788,11013,106.11,1,1,1,1
1.86,3,1230.48,23025,29838,2753373,7145897,2001,4408,181.16,0,1,1,1
1.93,3,2000.67,21121,29838,1228816,7145897,1866,2767,157.5,0,1,1,1
1.87,3,1572.93,23903,29838,2673620,7145897,2290,3170,200.2,0,1,1,1
1.52,3,2967.59,38813,29838,1653017,7145897,2454,6417,246.85,0,0,1,1
1.14,3,4191.24,25824,29838,2549844,7145897,729,10264,99.7,0,1,1,1
1.13,3,5201.34,23654,29838,2195215,7145897,846,7082,106.77,1,1,1,1
1.16,3,3627.46,29260,23858,7830332,895414,576,4138,113.5,0,1,0,1
1.16,3,3627.46,29260,23858,7830332,895414,576,4138,113.5,0,1,1,1
1.07,3,5255.24,30916,23901,2230831,372606,403,5995,69.12,0,1,1,1
1.25,3,5736.34,26993,30124,3532657,5787293,939,14005,210.0,0,0,1,1
1.01,3,4040.09,32991,23184,8621121,1173217,291,12432,134.3,0,0,0,1
1.01,3,4040.09,32991,23184,8621121,1173217,291,12432,134.3,0,0,0,1
1.01,3,4040.09,32991,23184,8621121,1173217,291,12432,134.3,0,0,1,0
1.34,0,2587.89,32991,18851,8621121,254153,637,6003,118.95,0,0,0,1
1.34,3,2587.89,32991,18851,8621121,254153,637,6003,118.95,0,0,0,1
1.34,1,2587.89,32991,18851,8621121,254153,637,6003,118.95,0,0,1,0
1.01,3,4435.92,26993,25237,3532657,1318892,227,7335,97.96,0,0,1,0
1.25,3,8589.17,30124,25237,5787293,1318892,722,3263,237.8,0,0,1,0
1.16,3,4523.31,29260,25237,7830332,1318892,589,5153,234.15,0,0,0,0
1.16,3,4523.31,29260,25237,7830332,1318892,589,5153,234.15,0,0,1,0
1.14,3,4439.86,28637,25237,3036732,1318892,940,4493,203.17,0,0,1,0
1.12,3,8714.03,32991,25237,8621121,1318892,539,9305,250.73,0,0,0,0
1.12,3,8714.03,32991,25237,8621121,1318892,539,9305,250.73,0,0,0,0
1.12,3,8714.03,32991,25237,8621121,1318892,539,9305,250.73,0,0,1,0
1.04,3,2712.37,26993,29260,3532657,7830332,595,30877,106.6,0,0,0,1
1.04,3,2712.37,26993,29260,3532657,7830332,595,30877,106.6,0,0,1,1
1.25,3,4417.16,23665,29260,1038660,7830332,974,4980,136.27,0,1,0,1
1.25,3,4417.16,23665,29260,1038660,7830332,974,4980,136.27,0,1,1,1
1.15,1,3977.23,30124,29260,5787293,7830332,854,20718,230.87,0,0,0,1
1.15,3,3977.23,30124,29260,5787293,7830332,854,20718,230.87,0,0,1,1
1.01,3,3910.81,25059,29260,1595139,7830332,254,7069,180.56,0,0,0,0
1.01,0,3910.81,25059,29260,1595139,7830332,254,7069,180.56,0,0,1,0
1.16,3,9350.13,26993,25059,3532657,1595139,371,3892,215.83,0,0,1,0
1.12,3,4478.87,26993,26046,3532657,2915745,561,4821,197.1,0,0,1,1
1.01,3,2800.91,29260,26046,7830332,2915745,316,24405,69.1,0,1,0,1
1.01,1,2800.91,29260,26046,7830332,2915745,316,24405,69.1,0,1,1,1
1.06,3,5110.54,28637,22263,3036732,472254,592,6098,91.83,0,0,1,1
1.19,3,4037.09,27211,22263,3770125,472254,817,4281,111.66,0,0,1,1
1.16,3,3465.14,24575,22263,1197234,472254,602,8810,57.62,1,0,1,1
1.36,3,4384.63,24706,22263,9056076,472254,833,5762,104.72,0,0,1,1
1.36,3,2421.04,32991,22263,8621121,472254,1636,5185,154.74,0,0,0,1
1.36,3,2421.04,32991,22263,8621121,472254,1636,5185,154.74,0,0,0,1
1.36,3,2421.04,32991,22263,8621121,472254,1636,5185,154.74,0,0,1,0
1.09,3,4351.31,23025,22263,2753373,472254,550,7599,77.98,0,0,1,1
1.68,3,2661.53,31981,22263,4549784,472254,1476,4945,157.2,0,0,1,1
1.68,3,2661.53,31981,22263,4549784,472254,1476,4945,157.2,0,0,0,1
1.13,3,5356.51,26993,24502,3532657,1442203,445,6075,113.2,0,0,1,1
1.22,3,3789.64,30124,24502,5787293,1442203,633,4758,143.59,0,0,1,1
1.01,3,2668.2,29260,24502,7830332,1442203,286,14516,75.07,0,1,0,1
1.01,0,2668.2,29260,24502,7830332,1442203,286,14516,75.07,0,1,1,1
1.02,3,5222.3,22089,28637,668159,3036732,573,10941,84.46,0,1,1,1
1.05,3,4624.9,26993,28637,3532657,3036732,734,23075,113.99,0,0,1,1
1.0,3,5502.33,23665,28637,1038660,3036732,184,18843,67.17,0,1,1,1
1.19,3,5605.06,30124,28637,5787293,3036732,1559,8756,320.37,0,0,1,1
1.14,3,6205.97,29260,28637,7830332,3036732,805,20264,244.5,0,0,0,1
1.14,3,6205.97,29260,28637,7830332,3036732,805,20264,244.5,0,0,1,1
1.02,3,4386.55,18933,28637,382155,3036732,354,5391,78.62,0,1,1,1
1.23,3,4202.66,26993,29055,3532657,1862106,1200,7621,210.9,0,0,1,1
1.35,3,6140.91,30124,29055,5787293,1862106,1755,5820,311.46,0,0,1,1
1.08,3,5792.28,29260,29055,7830332,1862106,902,16263,174.06,0,0,0,1
1.08,3,5792.28,29260,29055,7830332,1862106,902,16263,174.06,0,0,1,1
1.06,3,4157.61,28637,29055,3036732,1862106,638,11298,155.81,0,0,1,1
1.05,3,4312.95,26993,26506,3532657,4459144,600,12752,106.56,0,0,1,0
1.06,3,8162.77,30124,26506,5787293,4459144,616,10358,110.42,0,0,1,0
1.0,3,3059.78,29260,26506,7830332,4459144,237,34113,74.28,0,1,0,0
1.0,3,3059.78,29260,26506,7830332,4459144,237,34113,74.28,0,1,1,0
1.22,3,4033.32,28637,26506,3036732,4459144,1001,6401,245.28,0,0,1,0
1.21,3,4213.71,29055,26506,1862106,4459144,1139,3851,256.48,0,0,1,0
1.02,3,5063.07,28637,14600,3036732,677757,548,10989,84.23,0,1,1,1
1.02,3,7032.27,26993,26752,3532657,1440377,578,11425,105.1,1,0,1,1
1.27,3,2682.54,30124,26752,5787293,1440377,1229,10483,121.09,1,0,1,1
1.15,3,2482.76,29260,26752,7830332,1440377,1168,10117,153.95,1,1,0,1
1.15,3,2482.76,29260,26752,7830332,1440377,1168,10117,153.95,1,1,1,1
1.16,3,4677.03,28637,26752,3036732,1440377,1118,3402,207.84,1,0,1,1
1.17,3,4681.68,26506,26752,4459144,1440377,1128,6103,113.39,1,0,1,0
1.47,3,2565.52,30124,26752,5787293,379566,1245,6390,126.62,1,0,1,1
1.2,3,3247.31,29260,26752,7830332,379566,1108,7196,136.68,1,0,0,1
1.2,3,3247.31,29260,26752,7830332,379566,1108,7196,136.68,1,0,1,1
1.13,3,4516.9,26506,26752,4459144,379566,1088,7049,108.15,1,0,1,0
1.07,3,4840.48,32991,24348,8621121,111745,457,7574,180.85,0,0,0,1
1.07,3,4840.48,32991,24348,8621121,111745,457,7574,180.85,0,0,0,1
1.07,3,4840.48,32991,24348,8621121,111745,457,7574,180.85,0,0,1,0
1.34,3,5137.41,26993,30268,3532657,1106780,854,5806,175.81,0,0,1,1
1.13,3,4146.13,29260,30268,7830332,1106780,779,6614,240.88,0,0,0,1
1.13,3,4146.13,29260,30268,7830332,1106780,779,6614,240.88,0,0,1,1
1.56,3,3135.14,24575,26681,1197234,873131,2764,6462,183.19,1,0,1,1
1.03,3,1706.89,24706,26681,9056076,873131,2555,32824,167.16,1,0,1,1
1.04,3,2447.14,38813,26681,1653017,873131,2401,19055,177.09,1,0,1,1
1.29,3,3333.11,30916,26681,2230831,873131,2679,6464,221.89,1,0,1,1
1.19,3,4468.8,26993,27211,3532657,3770125,701,7201,233.16,0,0,1,1
1.0,3,6269.39,23665,27211,1038660,3770125,138,9874,67.1,0,1,1,1
1.41,3,5497.26,30124,27211,5787293,3770125,1605,4272,349.97,0,0,1,1
1.09,3,2572.42,29260,27211,7830332,3770125,939,16868,139.56,0,1,0,1
1.09,3,2572.42,29260,27211,7830332,3770125,939,16868,139.56,0,1,1,1
1.31,3,6172.95,26046,27211,2230955,3770125,1117,4057,191.63,0,1,1,1
1.0,3,5826.14,18933,27211,382155,3770125,184,5312,65.31,0,1,1,1
1.0,3,4992.63,28637,27211,3036732,3770125,234,54429,67.78,0,1,1,1
1.14,3,4103.1,29055,27211,1862106,3770125,866,5860,204.68,0,0,1,1
1.19,3,3649.8,26506,27211,4459144,3770125,1102,4660,177.22,0,1,1,0
1.12,3,5180.13,26993,25475,3532657,1489247,430,5378,109.78,0,0,1,1
1.0,3,3702.18,29260,25475,7830332,1489247,167,9355,62.63,0,1,0,1
1.0,0,3702.18,29260,25475,7830332,1489247,167,9355,62.63,0,1,1,1
1.11,3,8437.67,26506,25475,4459144,1489247,241,4790,169.58,0,1,1,0
1.21,3,6134.26,24510,25475,379566,1489247,943,3624,105.73,1,0,1,1
1.34,3,2883.65,24575,25475,1197234,1489247,1588,7406,114.13,1,0,1,1
1.52,3,1787.71,24706,25475,9056076,1489247,1815,5869,153.5,0,0,1,1
1.27,0,3543.34,32991,25475,8621121,1489247,657,7109,195.64,0,0,0,1
1.27,3,3543.34,32991,25475,8621121,1489247,657,7109,195.64,0,0,0,1
1.27,3,3543.34,32991,25475,8621121,1489247,657,7109,195.64,0,0,1,0
1.24,3,3009.48,22360,25475,1421287,1489247,828,7675,97.36,1,1,1,1
1.27,3,3446.75,23025,25475,2753373,1489247,1491,5100,138.08,0,1,1,1
1.71,3,1892.37,38813,25475,1653017,1489247,1941,3814,157.45,0,0,1,1
1.28,3,3076.53,23654,25475,2195215,1489247,844,5160,99.43,1,1,1,1
1.0,3,5963.75,26993,23614,3532657,1008768,280,8571,87.59,1,0,1,1
1.45,3,3198.81,29260,23614,7830332,1008768,865,3789,158.63,1,0,0,1
1.45,3,3198.81,29260,23614,7830332,1008768,865,3789,158.63,1,0,1,1
1.01,3,3305.7,26752,23614,1440377,1008768,303,1859,114.93,1,0,1,1
1.11,0,6722.01,26993,25450,3532657,1694803,685,6426,116.18,0,0,1,1
1.04,3,3296.05,29260,25450,7830332,1694803,407,20529,75.71,0,1,0,1
1.04,0,3296.05,29260,25450,7830332,1694803,407,20529,75.71,0,1,1,1
1.2,3,7520.09,28637,25450,3036732,1694803,458,9381,116.57,0,0,1,1
1.02,3,5505.79,29055,25450,1862106,1694803,541,7679,110.25,0,0,1,1
1.31,3,5569.75,26506,25450,4459144,1694803,639,4987,123.27,0,1,1,0
1.08,2,4343.85,27211,25450,3770125,1694803,652,4649,127.78,0,1,1,1
1.39,0,2844.24,24575,25450,1197234,1694803,1140,8309,78.24,1,1,1,1
1.31,2,1843.52,24706,25450,9056076,1694803,1365,7959,116.0,0,1,1,1
1.08,0,7641.73,22089,24575,668159,1197234,479,7170,72.43,1,1,1,1
1.44,3,4112.44,26993,24575,3532657,1197234,1744,7881,143.62,1,0,1,1
1.35,3,3757.25,23665,24575,1038660,1197234,1087,5738,80.31,1,1,1,1
1.49,3,1833.95,30124,24575,5787293,1197234,2372,10235,133.35,1,0,1,1
1.0,3,9592.99,24706,24575,9056076,1197234,226,16845,52.92,1,1,1,1
1.15,3,2044.21,29260,24575,7830332,1197234,1519,23739,123.74,1,1,0,1
1.15,3,2044.21,29260,24575,7830332,1197234,1519,23739,123.74,1,1,1,1
1.36,0,4070.45,26046,24575,2230955,1197234,1831,4543,159.12,1,1,1,1
1.42,3,4956.58,24502,24575,125722,1197234,1769,7231,115.84,1,0,1,1
1.16,3,4446.51,28637,24575,3036732,1197234,1052,6986,164.88,1,0,1,1
1.13,3,3760.1,29055,24575,1862106,1197234,618,10206,89.47,1,0,1,1
1.19,3,5307.27,26506,24575,4459144,1197234,1756,6675,163.78,1,0,1,0
1.18,3,3690.13,27211,24575,3770125,1197234,1222,9632,112.99,1,1,1,1
1.0,0,2522.01,24706,24575,9056076,1197234,238,51358,55.57,1,1,1,1
1.0,0,2522.01,24706,24575,9056076,1197234,238,51358,55.57,1,1,1,1
1.0,3,5293.05,28637,22726,3036732,547633,308,10451,59.77,0,1,1,1
1.09,3,4935.72,22089,24706,668159,9056076,673,11980,76.79,0,1,1,1
1.38,3,5465.98,26993,24706,3532657,9056076,1946,13365,225.56,0,0,1,1
1.35,3,2902.44,30124,24706,5787293,9056076,2605,14737,301.79,0,0,1,1
1.19,3,3413.42,29260,24706,7830332,9056076,1751,29771,233.78,0,0,0,1
1.19,3,3413.42,29260,24706,7830332,9056076,1751,29771,233.78,0,0,1,1
1.56,3,3300.08,26046,24706,2230955,9056076,2062,4531,231.97,0,0,1,1
1.92,3,1550.16,24502,24706,125722,9056076,1996,3542,179.23,0,0,1,1
1.2,3,5976.02,28637,24706,3036732,9056076,1234,9746,272.06,0,0,1,1
1.1,3,6589.49,29055,24706,1862106,9056076,854,20889,129.8,0,0,1,1
1.52,3,4289.78,26506,24706,4459144,9056076,1988,6758,295.49,0,0,1,0
1.27,3,3472.17,26752,24706,1440377,9056076,2341,4719,193.5,1,0,1,1
1.27,3,3942.83,27211,24706,3770125,9056076,1379,11760,195.28,0,1,1,1
1.04,3,5450.85,26993,24307,3532657,989164,320,4562,101.68,0,0,1,1
1.13,3,4655.18,29838,24307,29838,989164,495,6218,60.26,0,1,1,1
1.02,3,4109.87,29260,24307,7830332,989164,276,8793,68.06,0,1,0,1
1.02,3,4109.87,29260,24307,7830332,989164,276,8793,68.06,0,1,1,1
1.0,3,6337.2,28637,20980,3036732,231325,283,9446,60.87,0,1,1,1
1.01,3,4988.83,26993,24725,3532657,1074558,331,10255,70.62,0,0,1,1
1.01,1,4343.35,26993,21207,3532657,2105604,595,14119,97.93,1,0,1,1
1.24,3,4133.35,30124,21207,5787293,2105604,1259,7322,158.5,1,0,1,1
1.15,3,3947.24,29260,21207,7830332,2105604,1187,10671,168.92,1,0,0,1
1.15,0,3947.24,29260,21207,7830332,2105604,1187,10671,168.92,1,0,1,1
1.16,3,5772.86,28637,21207,3036732,2105604,1116,4613,185.11,1,0,1,1
1.17,3,6140.53,26506,21207,4459144,2105604,1151,5064,133.98,1,0,1,0
1.21,3,4567.2,24706,21207,9056076,2105604,2336,11193,207.83,1,0,1,1
1.42,3,2796.6,24575,26695,1197234,1646147,1521,2963,146.36,1,0,1,1
1.29,3,6108.57,32991,26695,8621121,1646147,736,6590,190.09,0,0,0,1
1.29,3,6108.57,32991,26695,8621121,1646147,736,6590,190.09,0,0,0,1
1.29,1,6108.57,32991,26695,8621121,1646147,736,6590,190.09,0,0,1,0
1.49,3,2985.42,22360,26695,1421287,1646147,1066,6935,104.87,1,0,1,1
1.36,3,3146.68,23025,26695,2753373,1646147,1461,4879,154.06,0,0,1,1
1.17,3,4317.66,26993,28739,3532657,2761118,904,5578,269.43,0,0,1,0
1.18,3,7702.88,30124,28739,5787293,2761118,1114,7276,258.85,0,0,1,0
1.01,3,3911.17,29260,28739,7830332,2761118,342,29137,156.93,0,0,0,0
1.01,3,3911.17,29260,28739,7830332,2761118,342,29137,156.93,0,0,1,0
1.1,3,4540.3,28637,28739,3036732,2761118,857,6621,230.71,0,0,1,0
1.02,3,4347.48,29055,28739,1862106,2761118,693,10147,133.5,0,0,1,0
1.14,3,9249.13,26506,28739,4459144,2761118,530,5389,286.54,0,0,1,0
1.19,3,7958.31,25450,28739,1694803,2761118,401,3733,232.55,0,0,1,0
1.13,3,6172.12,24575,28739,1197234,2761118,1301,4353,171.67,1,0,1,0
1.24,3,6166.1,24706,28739,9056076,2761118,1539,7749,246.1,0,0,1,0
1.02,3,3463.96,29260,25995,7830332,1115048,401,10902,84.21,0,1,0,1
1.02,3,3463.96,29260,25995,7830332,1115048,401,10902,84.21,0,1,1,1
1.1,3,7138.34,28637,25995,3036732,1115048,634,4632,181.99,0,0,1,1
1.16,2,7746.63,26506,25995,4459144,1115048,466,6143,166.25,0,1,1,0
1.08,3,4722.17,27211,25995,3770125,1115048,671,5772,107.86,0,1,1,1
1.57,2,3106.38,24706,25995,9056076,1115048,1798,4462,181.02,0,1,1,1
1.26,3,3647.27,32991,25995,8621121,1115048,760,7387,215.01,0,0,0,1
1.26,3,3647.27,32991,25995,8621121,1115048,760,7387,215.01,0,0,0,1
1.26,3,3647.27,32991,25995,8621121,1115048,760,7387,215.01,0,0,1,0
1.17,1,2173.45,22360,25995,1421287,1115048,615,6224,87.8,1,1,1,1
1.02,3,6269.75,26993,22038,3532657,1308499,419,7796,120.7,0,0,1,1
1.2,3,2621.01,29260,22038,7830332,1308499,829,8356,132.85,0,1,0,1
1.2,3,2621.01,29260,22038,7830332,1308499,829,8356,132.85,0,1,1,1
1.05,3,4060.65,28637,22038,3036732,1308499,455,12717,84.53,0,1,1,1
1.01,3,5117.49,27211,22038,3770125,1308499,319,19894,76.81,0,1,1,1
1.43,3,2605.05,24706,22038,9056076,1308499,1678,5559,202.0,0,1,1,1
1.92,3,1940.17,22089,32991,668159,8621121,1822,4002,208.79,0,0,0,1
1.92,3,1940.17,22089,32991,668159,8621121,1822,4002,208.79,0,0,0,1
1.92,3,1940.17,22089,32991,668159,8621121,1822,4002,208.79,0,0,1,0
1.06,3,4593.38,26993,32991,3532657,8621121,756,48642,162.28,0,0,0,1
1.06,3,4593.38,26993,32991,3532657,8621121,756,48642,162.28,0,0,0,1
1.06,3,4593.38,26993,32991,3532657,8621121,756,48642,162.28,0,0,1,0
1.69,3,3447.63,23665,32991,1038660,8621121,1515,3802,287.23,0,0,0,1
1.69,3,3447.63,23665,32991,1038660,8621121,1515,3802,287.23,0,0,0,1
1.69,3,3447.63,23665,32991,1038660,8621121,1515,3802,287.23,0,0,1,0
1.0,3,2850.33,30124,32991,5787293,8621121,183,66820,116.78,0,0,0,1
1.0,3,2850.33,30124,32991,5787293,8621121,183,66820,116.78,0,0,0,1
1.0,3,2850.33,30124,32991,5787293,8621121,183,66820,116.78,0,0,1,0
1.05,3,3316.9,29260,32991,7830332,8621121,723,73892,159.71,0,0,0,1
1.05,3,3316.9,29260,32991,7830332,8621121,723,73892,159.71,0,0,0,1
1.05,3,3316.9,29260,32991,7830332,8621121,723,73892,159.71,0,0,0,0
1.05,3,3316.9,29260,32991,7830332,8621121,723,73892,159.71,0,0,0,1
1.05,3,3316.9,29260,32991,7830332,8621121,723,73892,159.71,0,0,0,1
1.05,3,3316.9,29260,32991,7830332,8621121,723,73892,159.71,0,0,1,0
1.1,3,6102.03,25059,32991,1595139,8621121,582,9567,205.0,0,0,0,0
1.1,3,6102.03,25059,32991,1595139,8621121,582,9567,205.0,0,0,0,0
1.1,3,6102.03,25059,32991,1595139,8621121,582,9567,205.0,0,0,1,0
1.07,3,6798.94,26046,32991,2230955,8621121,408,13252,143.44,0,0,0,1
1.07,3,6798.94,26046,32991,2230955,8621121,408,13252,143.44,0,0,0,1
1.07,3,6798.94,26046,32991,2230955,8621121,408,13252,143.44,0,0,1,0
1.11,0,3046.45,24502,32991,125722,8621121,475,10168,174.87,0,0,0,1
1.11,3,3046.45,24502,32991,125722,8621121,475,10168,174.87,0,0,0,1
1.11,3,3046.45,24502,32991,125722,8621121,475,10168,174.87,0,0,1,0
1.12,3,6583.72,28637,32991,3036732,8621121,1389,24082,304.18,0,0,0,1
1.12,3,6583.72,28637,32991,3036732,8621121,1389,24082,304.18,0,0,0,1
1.12,3,6583.72,28637,32991,3036732,8621121,1389,24082,304.18,0,0,1,0
1.25,3,4809.1,29055,32991,1862106,8621121,1624,16240,270.36,0,0,0,1
1.25,3,4809.1,29055,32991,1862106,8621121,1624,16240,270.36,0,0,0,1
1.25,3,4809.1,29055,32991,1862106,8621121,1624,16240,270.36,0,0,1,0
1.06,3,5430.52,26506,32991,4459144,8621121,492,17775,209.35,0,0,0,0
1.06,3,5430.52,26506,32991,4459144,8621121,492,17775,209.35,0,0,0,0
1.06,3,5430.52,26506,32991,4459144,8621121,492,17775,209.35,0,0,1,0
1.06,3,2828.16,26752,32991,1440377,8621121,1068,40159,123.18,1,0,0,1
1.06,3,2828.16,26752,32991,1440377,8621121,1068,40159,123.18,1,0,0,1
1.06,3,2828.16,26752,32991,1440377,8621121,1068,40159,123.18,1,0,1,0
1.22,3,3536.16,24510,32991,379566,8621121,1076,9399,143.2,1,0,0,1
1.22,3,3536.16,24510,32991,379566,8621121,1076,9399,143.2,1,0,0,1
1.22,3,3536.16,24510,32991,379566,8621121,1076,9399,143.2,1,0,1,0
1.29,0,3152.0,21081,32991,895123,8621121,613,3806,144.6,0,0,0,1
1.29,3,3152.0,21081,32991,895123,8621121,613,3806,144.6,0,0,0,1
1.29,3,3152.0,21081,32991,895123,8621121,613,3806,144.6,0,0,1,0
1.29,1,6438.27,27211,32991,3770125,8621121,1426,15711,349.53,0,0,0,1
1.29,3,6438.27,27211,32991,3770125,8621121,1426,15711,349.53,0,0,0,1
1.29,3,6438.27,27211,32991,3770125,8621121,1426,15711,349.53,0,0,1,0
1.34,3,3840.28,23614,32991,1008768,8621121,842,7098,183.43,1,0,0,1
1.34,3,3840.28,23614,32991,1008768,8621121,842,7098,183.43,1,0,0,1
1.34,3,3840.28,23614,32991,1008768,8621121,842,7098,183.43,1,0,1,0
1.4,3,2617.87,25450,32991,1694803,8621121,1103,7543,223.99,0,0,0,1
1.4,0,2617.87,25450,32991,1694803,8621121,1103,7543,223.99,0,0,0,1
1.4,3,2617.87,25450,32991,1694803,8621121,1103,7543,223.99,0,0,1,0
1.36,3,2263.81,24575,32991,1197234,8621121,2237,26582,169.41,1,0,0,1
1.36,3,2263.81,24575,32991,1197234,8621121,2237,26582,169.41,1,0,0,1
1.36,3,2263.81,24575,32991,1197234,8621121,2237,26582,169.41,1,0,1,0
1.17,3,2517.74,24706,32991,9056076,8621121,2467,60435,326.47,0,0,0,1
1.17,3,2517.74,24706,32991,9056076,8621121,2467,60435,326.47,0,0,0,1
1.17,3,2517.74,24706,32991,9056076,8621121,2467,60435,326.47,0,0,1,0
1.29,3,6317.55,24725,32991,1074558,8621121,951,4614,234.31,0,0,0,1
1.29,3,6317.55,24725,32991,1074558,8621121,951,4614,234.31,0,0,0,1
1.29,3,6317.55,24725,32991,1074558,8621121,951,4614,234.31,0,0,1,0
1.05,3,3042.09,21207,32991,2105604,8621121,1097,51122,124.92,1,0,0,1
1.05,3,3042.09,21207,32991,2105604,8621121,1097,51122,124.92,1,0,0,1
1.05,3,3042.09,21207,32991,2105604,8621121,1097,51122,124.92,1,0,1,0
1.15,3,6143.2,28739,32991,2761118,8621121,1015,13123,278.39,0,0,0,0
1.15,3,6143.2,28739,32991,2761118,8621121,1015,13123,278.39,0,0,0,0
1.15,3,6143.2,28739,32991,2761118,8621121,1015,13123,278.39,0,0,1,0
1.42,3,2995.1,22038,32991,1308499,8621121,1173,10334,208.71,0,0,0,1
1.42,3,2995.1,22038,32991,1308499,8621121,1173,10334,208.71,0,0,0,1
1.42,3,2995.1,22038,32991,1308499,8621121,1173,10334,208.71,0,0,1,0
1.02,0,3585.86,21125,32991,1536012,8621121,291,6295,150.13,0,0,0,1
1.02,3,3585.86,21125,32991,1536012,8621121,291,6295,150.13,0,0,0,1
1.02,3,3585.86,21125,32991,1536012,8621121,291,6295,150.13,0,0,1,0
1.0,3,8795.73,24706,29846,9056076,2237227,325,23041,56.43,0,1,1,1
1.05,0,9062.95,24575,29846,1197234,2237227,407,13356,58.03,1,1,1,1
1.0,3,5391.08,24706,29846,9056076,2237227,334,43884,53.8,0,1,1,1
1.0,1,5149.03,28637,20927,3036732,1021733,180,7646,66.14,0,1,1,1
1.09,3,4897.64,27211,20927,3770125,1021733,410,5425,96.18,0,1,1,1
1.02,3,5230.32,29260,25127,7830332,679984,428,8724,67.77,0,1,0,1
1.02,3,5230.32,29260,25127,7830332,679984,428,8724,67.77,0,1,1,1
1.0,3,6131.6,29055,25127,1862106,679984,474,3734,139.81,0,0,1,1
1.01,3,4581.03,26993,22360,3532657,1421287,404,18673,92.78,1,0,1,1
1.24,3,3123.35,30124,22360,5787293,1421287,1119,23222,117.97,1,0,1,1
1.09,3,1853.53,29260,22360,7830332,1421287,995,26034,121.67,1,1,0,1
1.09,3,1853.53,29260,22360,7830332,1421287,995,26034,121.67,1,1,1,1
1.17,3,5313.07,25059,22360,1595139,1421287,756,5235,138.88,1,0,1,0
1.34,3,4568.58,26046,22360,2230955,1421287,902,5696,140.9,1,0,1,1
1.5,0,2082.23,24502,22360,125722,1421287,802,6399,104.33,1,1,1,1
1.08,3,3819.52,28637,22360,3036732,1421287,984,11392,153.58,1,0,1,1
1.55,3,3651.91,29055,22360,1862106,1421287,1545,5820,201.43,1,0,1,1
1.16,3,5790.88,26506,22360,4459144,1421287,963,16414,102.95,1,0,1,0
1.0,3,4144.01,26752,22360,1440377,1421287,174,9216,45.55,1,1,1,1
1.36,3,3217.37,30268,22360,1106780,1421287,1045,9823,114.5,1,0,1,1
1.28,3,4843.94,27211,22360,3770125,1421287,856,5798,150.04,1,1,1,1
1.68,0,1771.85,25450,22360,1694803,1421287,1064,5610,121.35,1,1,1,1
1.48,3,3285.29,24575,22360,1197234,1421287,2035,5829,117.59,1,0,1,1
1.4,3,4628.94,24706,22360,9056076,1421287,2216,8084,258.43,1,0,1,1
1.0,0,5149.7,21207,22360,2105604,1421287,192,7967,96.53,1,0,1,1
1.0,0,5149.7,21207,22360,2105604,1421287,192,7967,96.53,1,0,1,1
1.34,3,6037.84,28739,22360,2761118,1421287,1308,4978,204.62,1,0,1,0
1.3,3,2424.61,22038,22360,1308499,1421287,541,5057,92.35,1,1,1,1
1.08,3,2386.85,32991,22360,8621121,1421287,947,54990,123.97,1,0,0,1
1.08,3,2386.85,32991,22360,8621121,1421287,947,54990,123.97,1,0,0,1
1.08,3,2386.85,32991,22360,8621121,1421287,947,54990,123.97,1,0,1,0
1.06,3,4248.47,26993,27994,3532657,4948339,674,16512,125.09,0,0,1,1
1.02,0,9649.01,30124,27994,5787293,4948339,265,17196,138.56,0,0,1,1
1.08,3,3748.6,29260,27994,7830332,4948339,673,16559,215.06,0,0,0,1
1.08,3,3748.6,29260,27994,7830332,4948339,673,16559,215.06,0,0,1,1
1.17,3,5921.73,28637,27994,3036732,4948339,1314,7630,249.45,0,0,1,1
1.35,3,5840.94,29055,27994,1862106,4948339,1568,3599,335.55,0,0,1,1
1.05,3,4597.29,26506,27994,4459144,4948339,450,7899,175.66,0,0,1,0
1.21,3,7577.56,26752,27994,1440377,4948339,997,6541,132.77,1,0,1,1
1.36,3,5679.25,27211,27994,3770125,4948339,1347,4023,353.56,0,0,1,1
1.36,3,2494.45,24575,27994,1197234,4948339,2179,6948,165.9,1,0,1,1
1.37,3,3264.94,24706,27994,9056076,4948339,2407,8981,293.21,0,0,1,1
1.15,3,4191.14,21207,27994,2105604,4948339,1026,5725,152.67,1,0,1,1
1.18,3,7362.53,28739,27994,2761118,4948339,979,4149,295.46,0,0,1,0
1.14,3,5335.32,22360,27994,1421287,4948339,872,17853,114.28,1,0,1,1
1.0,3,6362.24,22089,23025,668159,2753373,327,13947,57.05,0,1,1,1
1.25,3,4275.35,26993,23025,3532657,2753373,1591,5944,200.09,0,0,1,1
1.1,3,4252.09,23665,23025,1038660,2753373,876,4511,105.41,0,1,1,1
1.7,3,1710.9,30124,23025,5787293,2753373,2295,7130,197.42,0,0,1,1
1.0,3,5266.72,24706,23025,9056076,2753373,363,10529,57.33,0,1,1,1
1.11,3,2297.85,29260,23025,7830332,2753373,1446,23009,152.1,0,1,0,1
1.11,3,2297.85,29260,23025,7830332,2753373,1446,23009,152.1,0,1,1,1
1.56,0,2659.94,26046,23025,2230955,2753373,1749,4272,166.66,0,1,1,1
1.56,3,3391.87,24502,23025,125722,2753373,1673,4780,158.0,0,1,1,1
1.1,0,4711.47,28637,23025,3036732,2753373,870,7060,229.84,0,0,1,1
1.02,0,3959.07,29055,23025,1862106,2753373,590,11723,133.04,0,0,1,1
1.22,3,4116.08,26506,23025,4459144,2753373,1682,8384,191.66,0,1,1,0
1.0,3,7231.62,14600,23025,677757,2753373,353,6211,60.73,0,1,1,1
1.08,3,3100.41,27211,23025,3770125,2753373,1014,6277,148.28,0,1,1,1
1.18,3,3725.96,25450,23025,1694803,2753373,1046,8478,85.48,0,1,1,1
1.0,3,5619.02,24575,23025,1197234,2753373,248,22995,53.07,1,1,1,1
1.01,3,3923.94,24706,23025,9056076,2753373,366,35471,51.73,0,1,1,1
1.12,0,4317.49,28739,23025,2761118,2753373,1279,8730,195.91,0,0,1,0
1.39,3,2892.9,32991,23025,8621121,2753373,2148,14830,273.12,0,0,0,1
1.39,3,2892.9,32991,23025,8621121,2753373,2148,14830,273.12,0,0,0,1
1.39,3,2892.9,32991,23025,8621121,2753373,2148,14830,273.12,0,0,1,0
1.03,3,4787.55,29846,23025,2237227,2753373,638,8271,84.15,0,1,1,1
1.34,3,3442.98,25127,23025,679984,2753373,1031,5953,81.32,0,1,1,1
1.78,3,2275.24,22360,23025,1421287,2753373,1851,4099,162.53,1,1,1,1
1.55,3,3127.59,27994,23025,4948339,2753373,2083,3891,291.78,0,0,1,1
1.04,3,4215.01,26993,25054,3532657,2374260,525,7664,93.55,0,0,1,0
1.1,3,9174.83,30124,25054,5787293,2374260,483,5539,186.28,0,0,1,0
1.05,3,4947.28,29260,25054,7830332,2374260,412,6585,208.86,0,0,0,0
1.05,3,4947.28,29260,25054,7830332,2374260,412,6585,208.86,0,0,1,0
1.02,3,5898.74,32991,25054,8621121,2374260,325,13957,169.9,0,0,0,0
1.02,3,5898.74,32991,25054,8621121,2374260,325,13957,169.9,0,0,0,0
1.02,3,5898.74,32991,25054,8621121,2374260,325,13957,169.9,0,0,1,0
1.02,3,5898.74,32991,25054,8621121,2374260,325,13957,169.9,0,0,1,0
1.23,3,6166.33,22360,25054,1421287,2374260,831,7121,122.62,1,0,1,0
1.02,0,9935.07,27994,25054,4948339,2374260,264,9515,134.09,0,0,1,0
1.01,1,4315.92,23901,26409,372606,249561,344,5899,66.88,0,1,1,1
1.34,3,4409.42,29260,26409,7830332,249561,1749,5025,279.61,0,0,0,1
1.34,3,4409.42,29260,26409,7830332,249561,1749,5025,279.61,0,0,1,1
1.3,3,6769.31,29055,26409,1862106,249561,992,4701,188.46,0,0,1,1
1.63,3,3784.94,26681,26409,873131,249561,2603,2746,205.51,1,0,1,1
1.16,3,2318.28,24575,26409,1197234,249561,760,9497,69.19,1,1,1,1
1.06,0,3153.68,24706,26409,9056076,249561,831,16784,91.97,0,1,1,1
1.77,3,2548.46,32991,26409,8621121,249561,2444,4455,302.33,0,0,0,1
1.77,3,2548.46,32991,26409,8621121,249561,2444,4455,302.33,0,0,0,1
1.77,1,2548.46,32991,26409,8621121,249561,2444,4455,302.33,0,0,1,0
1.01,3,5281.56,29846,26409,2237227,249561,543,10016,63.76,0,1,1,1
1.31,3,2710.38,23025,26409,2753373,249561,1001,8292,114.95,0,1,1,1
1.04,3,5198.85,24236,26409,1481076,249561,485,7070,65.8,0,1,1,1
1.03,3,5680.53,21121,26409,1228816,249561,633,6602,79.48,0,1,1,1
1.26,3,4876.68,23903,26409,2673620,249561,933,6302,96.58,0,1,1,1
1.01,3,5144.17,38813,26409,1653017,249561,542,13527,68.41,0,0,1,1
1.0,3,4730.96,34880,26409,1594251,249561,569,11593,65.84,0,1,1,1
1.0,0,6397.4,30916,26409,2230831,249561,135,11415,88.46,0,0,1,1
1.01,3,5020.72,21300,26409,403939,249561,281,6760,50.38,0,1,1,1
1.11,2,9129.66,29838,24205,29838,905329,328,1504,176.88,0,0,1,1
1.11,3,4124.55,29260,24205,7830332,905329,842,2874,219.38,0,0,0,1
1.11,2,4124.55,29260,24205,7830332,905329,842,2874,219.38,0,0,1,1
1.0,3,4449.76,32991,24205,8621121,905329,147,4158,106.29,0,0,0,1
1.0,3,4449.76,32991,24205,8621121,905329,147,4158,106.29,0,0,0,1
1.0,3,4449.76,32991,24205,8621121,905329,147,4158,106.29,0,0,1,0
1.55,2,3087.27,22360,24205,1421287,905329,1075,4771,108.96,1,0,1,1
1.03,3,7046.11,26993,26101,3532657,1021830,356,9307,123.44,0,0,1,1
1.26,3,4542.83,30124,26101,5787293,1021830,606,5598,140.07,0,0,1,1
1.12,3,4579.82,29260,26101,7830332,1021830,636,6123,193.67,0,0,0,1
1.12,3,4579.82,29260,26101,7830332,1021830,636,6123,193.67,0,0,1,1
1.19,3,7617.69,28637,26101,3036732,1021830,1065,4285,230.56,0,0,1,1
1.06,3,3474.23,32991,26101,8621121,1021830,426,12883,154.73,0,0,0,1
1.06,3,3474.23,32991,26101,8621121,1021830,426,12883,154.73,0,0,0,1
1.06,3,3474.23,32991,26101,8621121,1021830,426,12883,154.73,0,0,1,0
1.02,3,5317.36,27994,26101,4948339,1021830,346,4288,144.86,0,0,1,1
1.01,3,3266.44,31981,26101,4549784,1021830,225,7241,109.44,0,0,1,1
1.01,3,3266.44,31981,26101,4549784,1021830,225,7241,109.44,0,0,0,1
1.41,3,4014.79,29260,29284,7830332,298680,1680,3926,125.9,1,0,0,1
1.41,3,4014.79,29260,29284,7830332,298680,1680,3926,125.9,1,0,1,1
1.0,3,5182.37,24575,29284,1197234,298680,344,13102,54.38,1,1,1,1
1.09,3,5265.15,24706,29284,9056076,298680,388,10213,60.28,1,1,1,1
1.0,3,10000.0,29846,29284,2237227,298680,180,5220,47.85,1,1,1,1
1.07,3,4860.36,23025,29284,2753373,298680,592,4517,72.42,1,1,1,1
1.06,3,5296.51,26409,29284,249561,298680,444,9368,44.89,1,1,1,1
1.15,3,5550.56,23903,29284,2673620,298680,488,3958,68.59,1,1,1,1
1.0,3,5454.19,34880,29284,1594251,298680,188,6394,42.47,1,1,1,1
1.02,3,3802.74,30916,29284,2230831,298680,569,14609,45.11,1,1,1,1
1.04,3,5006.45,32991,26553,8621121,936107,287,4472,218.54,0,0,0,1
1.04,3,5006.45,32991,26553,8621121,936107,287,4472,218.54,0,0,0,1
1.04,3,5006.45,32991,26553,8621121,936107,287,4472,218.54,0,0,1,0
1.01,3,3428.64,32991,26044,8621121,113091,254,8469,127.38,0,0,0,1
1.01,3,3428.64,32991,26044,8621121,113091,254,8469,127.38,0,0,0,1
1.01,3,3428.64,32991,26044,8621121,113091,254,8469,127.38,0,0,1,0
1.01,3,9819.56,24706,24236,9056076,1481076,349,15444,52.53,0,1,1,1
1.18,3,8072.26,24575,24236,1197234,1481076,387,7985,56.91,1,1,1,1
1.01,3,4729.11,24706,24236,9056076,1481076,361,18833,56.79,0,1,1,1
1.1,3,4450.67,23025,24236,2753373,1481076,629,7007,78.67,0,1,1,1
1.02,3,9130.73,23903,24236,2673620,1481076,472,15062,57.57,0,1,1,1
1.03,3,5889.77,30916,24236,2230831,1481076,618,10303,64.39,0,1,1,1
1.46,3,6749.12,26993,21121,3532657,1228816,1588,4644,179.13,0,0,1,1
1.22,3,2711.42,29260,21121,7830332,1228816,1259,5763,185.65,0,1,0,1
1.22,3,2711.42,29260,21121,7830332,1228816,1259,5763,185.65,0,1,1,1
1.0,3,2587.58,29055,21121,1862106,1228816,388,12994,69.6,0,0,1,1
1.01,3,3935.01,24575,21121,1197234,1228816,359,10349,57.4,1,1,1,1
1.05,3,5089.75,24706,21121,9056076,1228816,584,17617,66.46,0,1,1,1
1.64,3,3863.5,32991,21121,8621121,1228816,1982,4739,259.32,0,0,0,1
1.64,3,3863.5,32991,21121,8621121,1228816,1982,4739,259.32,0,0,0,1
1.64,1,3863.5,32991,21121,8621121,1228816,1982,4739,259.32,0,0,1,0
1.0,1,5218.38,29846,21121,2237227,1228816,586,6460,69.95,0,1,1,1
1.01,3,3570.78,23025,21121,2753373,1228816,495,12447,73.69,0,1,1,1
1.05,1,6050.65,24236,21121,1481076,1228816,525,4176,72.22,0,1,1,1
1.06,3,5193.61,23903,21121,2673620,1228816,617,6671,65.91,0,1,1,1
1.02,3,4491.65,38813,21121,1653017,1228816,593,6213,85.19,0,0,1,1
1.03,3,5135.88,30916,21121,2230831,1228816,696,9201,78.3,0,1,1,1
1.28,3,3262.15,29260,21276,7830332,1481709,1038,6233,128.36,0,1,0,1
1.28,3,3262.15,29260,21276,7830332,1481709,1038,6233,128.36,0,1,1,1
1.01,3,5130.29,28637,21276,3036732,1481709,242,22163,63.69,0,1,1,1
1.0,3,5751.82,27211,21276,3770125,1481709,177,10581,63.92,0,1,1,1
1.3,3,5553.16,24575,21276,1197234,1481709,1074,6756,86.71,1,1,1,1
1.42,3,2909.15,24706,21276,9056076,1481709,1218,4620,130.09,0,1,1,1
1.78,3,2905.97,32991,21276,8621121,1481709,1577,3732,273.53,0,0,0,1
1.78,3,2905.97,32991,21276,8621121,1481709,1577,3732,273.53,0,0,0,1
1.78,3,2905.97,32991,21276,8621121,1481709,1577,3732,273.53,0,0,1,0
1.6,2,2366.36,22360,21276,1421287,1481709,1032,2978,118.17,1,1,1,1
1.44,3,5011.88,26993,23903,3532657,2673620,1886,4445,204.35,0,0,1,1
1.94,3,1888.3,30124,23903,5787293,2673620,2576,3987,291.51,0,0,1,1
1.27,1,2863.2,29260,23903,7830332,2673620,1724,9252,219.63,0,1,0,1
1.27,3,2863.2,29260,23903,7830332,2673620,1724,9252,219.63,0,1,1,1
1.18,3,5570.8,28637,23903,3036732,2673620,1163,4596,252.97,0,0,1,1
1.2,3,6496.3,29055,23903,1862106,2673620,840,6901,134.79,0,0,1,1
1.01,0,6906.75,24575,23903,1197234,2673620,258,17966,53.14,1,1,1,1
1.0,3,3105.31,24706,23903,9056076,2673620,114,6446,70.41,0,0,1,1
1.0,3,3105.31,24706,23903,9056076,2673620,114,6446,70.41,0,0,1,1
1.3,3,5472.07,28739,23903,2761118,2673620,1532,3066,251.73,0,0,1,0
1.57,3,2313.6,32991,23903,8621121,2673620,2433,9343,299.17,0,0,0,1
1.57,3,2313.6,32991,23903,8621121,2673620,2433,9343,299.17,0,0,0,1
1.57,1,2313.6,32991,23903,8621121,2673620,2433,9343,299.17,0,0,1,0
1.02,3,9588.09,29846,23903,2237227,2673620,448,16226,57.29,0,1,1,1
1.01,3,5918.84,23025,23903,2753373,2673620,295,20653,50.1,0,1,1,1
1.02,3,5101.83,38813,23903,1653017,2673620,455,27906,58.68,0,1,1,1
1.26,3,5588.72,30916,23903,2230831,2673620,1056,11396,100.8,0,1,1,1
1.36,3,5492.6,26993,38813,3532657,1653017,2137,10112,248.49,0,0,1,1
1.39,3,5559.43,30124,38813,5787293,1653017,2694,16050,367.72,0,0,1,1
1.0,3,9978.49,24706,38813,9056076,1653017,332,14363,83.74,0,0,1,1
1.2,3,5068.53,29260,38813,7830332,1653017,1851,20831,291.66,0,0,0,1
1.2,3,5068.53,29260,38813,7830332,1653017,1851,20831,291.66,0,0,1,1
1.24,3,4935.18,28637,38813,3036732,1653017,1463,7537,297.83,0,0,1,1
1.09,3,7251.37,29055,38813,1862106,1653017,960,15039,168.96,0,0,1,1
1.37,3,5583.02,26506,38813,4459144,1653017,2084,4913,314.88,0,0,1,0
1.26,3,4745.3,27211,38813,3770125,1653017,1637,7341,241.04,0,1,1,1
1.35,3,2024.97,25450,38813,1694803,1653017,1500,6158,116.52,0,0,1,1
1.06,3,4548.61,24575,38813,1197234,1653017,416,17840,72.58,1,1,1,1
1.02,3,7664.03,24706,38813,9056076,1653017,341,43671,79.23,0,0,1,1
1.43,3,4074.1,21207,38813,2105604,1653017,2579,4583,261.67,1,0,1,1
1.19,3,6902.15,28739,38813,2761118,1653017,1589,8881,224.17,0,0,1,0
1.24,3,3362.86,32991,38813,8621121,1653017,2574,41492,374.4,0,0,0,1
1.24,3,3362.86,32991,38813,8621121,1653017,2574,41492,374.4,0,0,0,1
1.24,3,3362.86,32991,38813,8621121,1653017,2574,41492,374.4,0,0,1,0
1.66,3,2638.87,22360,38813,1421287,1653017,2443,4799,261.74,1,0,1,1
1.41,3,3516.97,27994,38813,4948339,1653017,2523,8081,326.76,0,0,1,1
1.03,3,3405.75,23025,38813,2753373,1653017,646,14400,85.52,0,1,1,1
1.02,3,5124.22,30916,38813,2230831,1653017,676,20727,81.28,0,0,1,1
1.17,3,7262.65,23665,34880,1038660,1594251,1473,4071,200.41,0,1,1,1
1.53,3,5155.47,30124,34880,5787293,1594251,2682,3677,402.02,0,0,1,1
1.0,3,9986.32,24706,34880,9056076,1594251,296,10770,59.8,0,1,1,1
1.27,3,3654.11,29260,34880,7830332,1594251,1837,4600,294.18,0,0,0,1
1.27,3,3654.11,29260,34880,7830332,1594251,1837,4600,294.18,0,0,1,1
1.12,3,7516.35,28637,34880,3036732,1594251,1436,4799,325.02,0,0,1,1
1.18,3,8142.6,29055,34880,1862106,1594251,943,4166,263.48,0,0,1,1
1.01,3,5472.43,24575,34880,1197234,1594251,387,13378,55.16,1,1,1,1
1.0,3,4636.25,24706,34880,9056076,1594251,305,26888,58.98,0,1,1,1
1.05,3,5108.01,23025,34880,2753373,1594251,614,10131,92.57,0,1,1,1
1.0,3,4956.27,23903,34880,2673620,1594251,419,17034,63.39,0,1,1,1
1.02,3,5201.65,30916,34880,2230831,1594251,702,15072,63.3,0,1,1,1
1.37,3,3787.29,32991,30460,8621121,528868,1042,4028,137.25,1,0,0,1
1.37,1,3787.29,32991,30460,8621121,528868,1042,4028,137.25,1,0,0,1
1.37,3,3787.29,32991,30460,8621121,528868,1042,4028,137.25,1,0,1,0
1.02,3,6372.59,28690,30916,249642,2230831,1443,14474,142.83,0,0,1,1
1.47,3,5090.58,26993,30916,3532657,2230831,2182,6124,200.2,0,0,1,1
1.59,3,2705.03,30124,30916,5787293,2230831,2489,4560,297.61,0,0,1,1
1.11,3,6039.76,24706,30916,9056076,2230831,943,5638,97.46,0,1,1,1
1.25,1,4148.56,29260,30916,7830332,2230831,1731,10343,260.16,0,0,0,1
1.25,3,4148.56,29260,30916,7830332,2230831,1731,10343,260.16,0,0,1,1
1.23,3,4487.07,28637,30916,3036732,2230831,1662,6482,239.66,0,0,1,1
1.14,3,6825.49,29055,30916,1862106,2230831,1028,9760,169.92,0,0,1,1
1.42,3,5870.66,26506,30916,4459144,2230831,1932,2575,285.34,0,0,1,0
1.16,3,2781.55,24575,30916,1197234,2230831,869,15887,70.16,1,1,1,1
1.08,3,3905.34,24706,30916,9056076,2230831,957,28988,101.64,0,1,1,1
1.13,3,7845.92,28739,30916,2761118,2230831,1402,6907,186.96,0,0,1,0
1.52,1,2019.98,32991,30916,8621121,2230831,2411,10125,289.25,0,0,0,1
1.52,3,2019.98,32991,30916,8621121,2230831,2411,10125,289.25,0,0,0,1
1.52,1,2019.98,32991,30916,8621121,2230831,2411,10125,289.25,0,0,1,0
1.02,3,5328.85,29846,30916,2237227,2230831,677,17497,63.06,0,1,1,1
1.88,3,2012.46,22360,30916,1421287,2230831,2553,3183,238.73,1,0,1,1
1.22,3,2963.01,23025,30916,2753373,2230831,1103,13153,110.0,0,1,1,1
1.0,3,5552.01,30916,21300,2230831,403939,225,16507,51.3,0,1,1,1
1.07,3,4636.0,26993,25824,3532657,2549844,471,5303,199.8,0,0,1,1
1.0,3,3042.25,29260,25824,7830332,2549844,257,24362,76.96,0,1,0,1
1.0,3,3042.25,29260,25824,7830332,2549844,257,24362,76.96,0,1,1,1
1.04,3,3642.39,26046,25824,2230955,2549844,492,5629,77.62,0,1,1,1
1.06,3,4803.13,28637,25824,3036732,2549844,556,7478,188.11,0,0,1,1
1.08,3,4128.6,29055,25824,1862106,2549844,785,4186,207.17,0,0,1,1
1.02,3,3363.8,26506,25824,4459144,2549844,447,10298,77.46,0,1,1,0
1.03,3,3467.7,27211,25824,3770125,2549844,682,7785,105.13,0,1,1,1
1.0,3,5034.18,25450,25824,1694803,2549844,244,9784,56.8,0,1,1,1
1.28,3,3699.42,24575,25824,1197234,2549844,1379,4971,141.48,1,1,1,1
1.28,3,5138.01,24706,25824,9056076,2549844,1602,6165,210.16,0,1,1,1
1.03,3,4901.1,28739,25824,2761118,2549844,457,4826,202.77,0,0,1,0
1.16,3,6275.61,32991,25824,8621121,2549844,877,10816,261.63,0,0,0,1
1.16,3,6275.61,32991,25824,8621121,2549844,877,10816,261.63,0,0,0,1
1.16,3,6275.61,32991,25824,8621121,2549844,877,10816,261.63,0,0,1,0
1.29,3,4708.44,22360,25824,1421287,2549844,869,6082,142.98,1,1,1,1
1.07,3,3503.22,23025,25824,2753373,2549844,1272,5830,137.2,0,1,1,1
1.0,3,2806.92,32991,22069,8621121,743633,199,5275,120.84,0,0,0,1
1.0,3,2806.92,32991,22069,8621121,743633,199,5275,120.84,0,0,0,1
1.0,3,2806.92,32991,22069,8621121,743633,199,5275,120.84,0,0,1,0
1.55,3,3503.11,22360,22069,1421287,743633,1054,3861,119.9,1,0,1,1
1.04,3,3375.37,21207,21002,2105604,258019,399,2789,105.45,1,0,1,1
1.01,3,4891.84,26993,23654,3532657,2195215,414,17437,87.35,1,0,1,1
1.27,3,2982.62,30124,23654,5787293,2195215,1183,10673,124.82,1,0,1,1
1.14,3,2260.17,29260,23654,7830332,2195215,1008,17160,127.06,1,1,0,1
1.14,3,2260.17,29260,23654,7830332,2195215,1008,17160,127.06,1,1,1,1
1.55,3,2553.17,24502,23654,125722,2195215,834,4587,106.65,1,1,1,1
1.13,3,5565.54,28637,23654,3036732,2195215,936,5196,200.69,1,0,1,1
1.17,3,4984.08,26506,23654,4459144,2195215,994,10640,107.51,1,0,1,0
1.0,3,3692.28,26752,23654,1440377,2195215,187,13264,46.32,1,1,1,1
1.44,3,4633.51,30268,23654,1106780,2195215,1108,4410,125.25,1,0,1,1
1.67,3,2238.08,24575,23654,1197234,2195215,1989,3905,128.97,1,1,1,1
1.61,3,3873.0,24706,23654,9056076,2195215,2164,4065,224.21,1,0,1,1
1.0,3,5791.78,21207,23654,2105604,2195215,194,7464,85.62,1,0,1,1
1.1,3,2422.98,32991,23654,8621121,2195215,1009,27103,123.89,1,0,0,1
1.1,3,2422.98,32991,23654,8621121,2195215,1009,27103,123.89,1,0,0,1
1.1,0,2422.98,32991,23654,8621121,2195215,1009,27103,123.89,1,0,1,0
1.15,3,6172.24,27994,23654,4948339,2195215,932,8064,122.99,1,0,1,1
1.29,3,7105.01,25054,23654,2374260,2195215,874,4715,119.84,1,0,1,0
1.19,3,4136.63,25824,23654,2549844,2195215,865,4749,135.76,1,1,1,1
1.1,3,3552.11,24575,20375,1197234,766956,357,5658,49.77,1,1,1,1
1.05,1,3098.74,24706,20375,9056076,766956,447,12808,49.02,0,1,1,1
1.17,3,6167.0,23903,20375,2673620,766956,358,4307,54.96,0,1,1,1
1.0,3,4601.96,28637,22956,3036732,754013,239,11479,64.97,0,1,1,1
1.07,3,4959.21,27211,22956,3770125,754013,444,7782,100.36,0,1,1,1
1.89,3,2225.74,22089,31981,668159,4549784,1643,3740,215.57,0,0,1,1
1.89,3,2225.74,22089,31981,668159,4549784,1643,3740,215.57,0,0,0,1
1.12,3,6334.03,26993,31981,3532657,4549784,539,23531,166.67,0,0,1,1
1.12,3,6334.03,26993,31981,3532657,4549784,539,23531,166.67,0,0,0,1
1.04,3,5483.29,30124,31981,5787293,4549784,400,37715,132.79,0,0,1,1
1.04,3,5483.29,30124,31981,5787293,4549784,400,37715,132.79,0,0,0,1
1.09,3,5560.73,29260,31981,7830332,4549784,591,27713,145.61,0,0,0,1
1.09,3,5560.73,29260,31981,7830332,4549784,591,27713,145.61,0,0,0,1
1.09,3,5560.73,29260,31981,7830332,4549784,591,27713,145.61,0,0,1,1
1.09,3,5560.73,29260,31981,7830332,4549784,591,27713,145.61,0,0,0,1
1.07,3,3289.86,24502,31981,125722,4549784,310,6583,100.95,0,0,1,1
1.07,3,3289.86,24502,31981,125722,4549784,310,6583,100.95,0,0,0,1
1.16,3,6460.84,28637,31981,3036732,4549784,1185,14398,256.86,0,0,1,1
1.16,3,6460.84,28637,31981,3036732,4549784,1185,14398,256.86,0,0,0,1
1.33,3,7046.98,29055,31981,1862106,4549784,1470,12410,240.48,0,0,1,1
1.33,3,7046.98,29055,31981,1862106,4549784,1470,12410,240.48,0,0,0,1
1.08,3,8369.88,26506,31981,4459144,4549784,391,7833,205.96,0,0,1,0
1.08,3,8369.88,26506,31981,4459144,4549784,391,7833,205.96,0,0,0,0
1.31,3,5433.17,26752,31981,1440377,4549784,896,5935,127.67,1,0,1,1
1.31,3,5433.17,26752,31981,1440377,4549784,896,5935,127.67,1,0,0,1
1.04,0,5796.38,30268,31981,1106780,4549784,315,7688,117.35,0,0,1,1
1.04,3,5796.38,30268,31981,1106780,4549784,315,7688,117.35,0,0,0,1
1.36,3,4641.26,27211,31981,3770125,4549784,1213,4708,297.2,0,0,1,1
1.36,3,4641.26,27211,31981,3770125,4549784,1213,4708,297.2,0,0,0,1
1.42,3,4221.56,25450,31981,1694803,4549784,935,5252,182.56,0,0,1,1
1.42,3,4221.56,25450,31981,1694803,4549784,935,5252,182.56,0,0,0,1
1.33,3,3680.6,24706,31981,9056076,4549784,2300,20007,303.82,0,0,1,1
1.33,3,3680.6,24706,31981,9056076,4549784,2300,20007,303.82,0,0,0,1
1.15,3,5121.24,21207,31981,2105604,4549784,924,9176,147.8,1,0,1,1
1.15,3,5121.24,21207,31981,2105604,4549784,924,9176,147.8,1,0,0,1
1.19,3,7968.63,28739,31981,2761118,4549784,916,8215,235.1,0,0,1,0
1.19,3,7968.63,28739,31981,2761118,4549784,916,8215,235.1,0,0,0,0
1.46,3,2946.23,22038,31981,1308499,4549784,956,6208,164.3,0,0,1,1
1.46,3,2946.23,22038,31981,1308499,4549784,956,6208,164.3,0,0,0,1
1.0,3,2487.89,32991,31981,8621121,4549784,217,63690,114.35,0,0,0,1
1.0,3,2487.89,32991,31981,8621121,4549784,217,63690,114.35,0,0,0,1
1.0,1,2487.89,32991,31981,8621121,4549784,217,63690,114.35,0,0,0,1
1.0,3,2487.89,32991,31981,8621121,4549784,217,63690,114.35,0,0,0,1
1.0,3,2487.89,32991,31981,8621121,4549784,217,63690,114.35,0,0,1,0
1.0,3,2487.89,32991,31981,8621121,4549784,217,63690,114.35,0,0,0,0
1.15,1,3081.34,22360,31981,1421287,4549784,760,14683,125.8,1,0,1,1
1.15,3,3081.34,22360,31981,1421287,4549784,760,14683,125.8,1,0,0,1
1.58,3,2295.23,23025,31981,2753373,4549784,1970,5190,279.83,0,0,1,1
1.58,3,2295.23,23025,31981,2753373,4549784,1970,5190,279.83,0,0,0,1
1.57,3,3329.81,23903,31981,2673620,4549784,2259,6724,273.83,0,0,1,1
1.57,3,3329.81,23903,31981,2673620,4549784,2259,6724,273.83,0,0,0,1
1.37,3,6865.77,38813,31981,1653017,4549784,2428,17938,347.82,0,0,1,1
1.37,3,6865.77,38813,31981,1653017,4549784,2428,17938,347.82,0,0,0,1
1.55,3,4358.51,30916,31981,2230831,4549784,2317,7614,281.06,0,0,1,1
1.55,3,4358.51,30916,31981,2230831,4549784,2317,7614,281.06,0,0,0,1
1.14,3,8117.12,25824,31981,2549844,4549784,699,4957,258.37,0,0,1,1
1.14,3,8117.12,25824,31981,2549844,4549784,699,4957,258.37,0,0,0,1
1.24,3,4580.05,23654,31981,2195215,4549784,815,8413,132.94,1,0,1,1
1.24,3,4580.05,23654,31981,2195215,4549784,815,8413,132.94,1,0,0,1
1.01,3,6017.66,26993,37375,3532657,991717,546,7788,104.11,1,0,1,1
1.32,3,4771.66,30124,37375,5787293,991717,1193,8170,127.83,1,0,1,1
1.26,3,2040.42,29260,37375,7830332,991717,1134,5449,145.53,1,0,0,1
1.26,3,2040.42,29260,37375,7830332,991717,1134,5449,145.53,1,0,1,1
1.36,3,3951.55,30268,37375,1106780,991717,1125,5243,130.15,1,0,1,1
1.08,3,2216.7,32991,37375,8621121,991717,1030,34324,129.63,1,0,0,1
1.08,3,2216.7,32991,37375,8621121,991717,1030,34324,129.63,1,0,0,1
1.08,0,2216.7,32991,37375,8621121,991717,1030,34324,129.63,1,0,1,0
1.17,3,6797.8,27994,37375,4948339,991717,960,6016,124.87,1,0,1,1
1.28,3,5566.43,31981,37375,4549784,991717,858,4877,129.62,1,0,1,1
1.28,3,5566.43,31981,37375,4549784,991717,858,4877,129.62,1,0,0,1
